{"low": [-10000, -10000, -10000, -10000, -10000, -10000, -10000, -10000, -10000, -10000, -10000, -10000, 0], "high": [10000, 10000, 10000, 10000, 10000, 10000, 10000, 10000, 10000, 10000, 10000, 10000, 8], "actionLength": 8, "network": [32, 24, 16], "activations": ["relu", "relu", "relu"], "optimizer": "Adam", "learningRate": 0.009999999776482582, "steps": 1000, "stepsWarmup": 10, "targetModelUpdate": 0.10000000149011612, "metrics": ["MAE"], "policy": "BoltzmannQPolicy"}